{"cameraMode":{"drawMode":0,"name":"Shaded","section":"Shading Mode"},"sceneLighting":false,"audioPlay":false,"sceneViewState":{"showFog":true,"showMaterialUpdate":true,"showSkybox":true,"showFlares":true,"showImageEffects":true,"showParticleSystems":true},"in2DMode":false,"pivot":{"x":-2.4843146800994875,"y":1.5525212287902833,"z":-2.6564722061157228},"rotation":{"x":0.22004559636116029,"y":0.0342332161962986,"z":-0.007727252319455147,"w":0.9748581647872925},"size":4.703290939331055,"orthographic":false}