{"cameraMode":{"drawMode":0,"name":"Shaded","section":"Shading Mode"},"sceneLighting":false,"audioPlay":false,"sceneViewState":{"showFog":true,"showMaterialUpdate":false,"showSkybox":true,"showFlares":true,"showImageEffects":true,"showParticleSystems":true},"in2DMode":false,"pivot":{"x":-0.6000000238418579,"y":2.061000108718872,"z":-2.62821888923645},"rotation":{"x":0.47668924927711489,"y":0.038216929882764819,"z":-0.020749080926179887,"w":0.8779956102371216},"size":2.3847525119781496,"orthographic":true}