{"cameraMode":{"drawMode":0,"name":"Shaded","section":"Shading Mode"},"sceneLighting":false,"audioPlay":false,"sceneViewState":{"showFog":true,"showMaterialUpdate":false,"showSkybox":true,"showFlares":true,"showImageEffects":true,"showParticleSystems":true},"in2DMode":false,"pivot":{"x":0.49900001287460329,"y":5.277598857879639,"z":-1.937999963760376},"rotation":{"x":0.47668924927711489,"y":0.038216929882764819,"z":-0.020749080926179887,"w":0.8779956102371216},"size":0.8916107416152954,"orthographic":true}