{"cameraMode":{"drawMode":0,"name":"Shaded","section":"Shading Mode"},"sceneLighting":false,"audioPlay":false,"sceneViewState":{"showFog":true,"showMaterialUpdate":false,"showSkybox":true,"showFlares":true,"showImageEffects":true,"showParticleSystems":true},"in2DMode":false,"pivot":{"x":0.47521018981933596,"y":4.953061103820801,"z":-2.1641480922698976},"rotation":{"x":0.47668924927711489,"y":0.038216929882764819,"z":-0.020749080926179887,"w":0.8779956102371216},"size":6.7024431228637699,"orthographic":true}